id, first_name, last_name, address, postal_code, city, license, created_at, updated_at
1, Gerrit, Matthews, van Goerlesingel 6003, 2531BH, Merselo, 0-AJB-89, 2022-10-31 19:29:32, 2022-10-31 19:29:32
2, Micha, Oda, Zuérius Boxhorn van Miggrodestraat 93-y, 1406MZ, Gasselternijveen, 6-DDR-72, 2022-10-31 19:29:32, 2022-10-31 19:29:32
3, Sylvie, Postma, Bruynzeelssingel 9-8, 1111LW, Schelluinen, 9-VH-941, 2022-10-31 19:29:33, 2022-10-31 19:29:33
4, Bo, Mohan, Gervaisbaan 37-11, 5111XN, Nijeberkoop, LL-683-G, 2022-10-31 19:29:33, 2022-10-31 19:29:33
5, Adriana, Willems van Lier, van der Laarlaan 87-n, 2597PL, Wyns, 6-GEE-53, 2022-10-31 19:29:33, 2022-10-31 19:29:33
6, Duuk, van Riet, Huismanlaan 1j, 4382JC, Havelterberg, B-909-JN, 2022-10-31 19:29:33, 2022-10-31 19:29:33
7, Karlijn, Ramcharan, Hoekstraweg 400, 2261BH, Den Andel, BM-96-96, 2022-10-31 19:29:33, 2022-10-31 19:29:33
8, Esila, Malik, Molenaarstraat 3j, 6222VD, Meerstad, 3-JDX-35, 2022-10-31 19:29:33, 2022-10-31 19:29:33
9, Jules, Şahin, van Grondelleboulevard 5-6, 9642EA, Huissen, C-826-XS, 2022-10-31 19:29:33, 2022-10-31 19:29:33
10, Jasper, Brouwer, van de Veldenbaan 9j, 3317HR, Biddinghuizen, 0-YM-945, 2022-10-31 19:29:33, 2022-10-31 19:29:33
11, Arie, Kanhai, de Jongesteeg 2-s, 8141HR, Kropswolde, PE-582-R, 2022-10-31 19:29:33, 2022-10-31 19:29:33
12, Britt, Verhagen, Boogaertsstraat 93-35, 7645AL, Stegeren, 00-EVC-1, 2022-10-31 19:29:33, 2022-10-31 19:29:33
13, Zoey, Eijkelboom, Koçring 2, 7722LG, Montfort, AY-35-35, 2022-10-31 19:29:33, 2022-10-31 19:29:33
14, Marinus, Haack, Linschotenhof 9-e, 7833JJ, Enter, YJ-YJ-29, 2022-10-31 19:29:33, 2022-10-31 19:29:33
15, Ibrahim, Vermeulen, Ünalpad 6-a, 8472DA, Folsgare, 9-JEJ-84, 2022-10-31 19:29:33, 2022-10-31 19:29:33
16, Jet, Bekbergen, van Doorndreef 6, 6741BR, Beesd, V-673-LL, 2022-10-31 19:29:33, 2022-10-31 19:29:33
17, Sofie, Molenaar, Bossingel 3-n, 8252HG, Annerveenschekanaal, VH-58-58, 2022-10-31 19:29:33, 2022-10-31 19:29:33
18, Sienna, Levesque, Bossteeg 6264, 3981KE, Geesbrug, 82-TAF-0, 2022-10-31 19:29:33, 2022-10-31 19:29:33
19, Johannes, Hagendoorn, de Ruiterboulevard 71, 1072NL, Zetten, L-532-FU, 2022-10-31 19:29:33, 2022-10-31 19:29:33
20, Luke, Zhou, Blomsingel 4w, 5105AC, Striep, HX-HX-10, 2022-10-31 19:29:33, 2022-10-31 19:29:33
21, Nout, Geerts, van Wijkdreef 84-17, 1068NE, Wissenkerke, 9-BH-451, 2022-10-31 19:29:33, 2022-10-31 19:29:33
22, Jack, Erhout, Blomweg 2787, 3824HR, Borger, CZ-CZ-14, 2022-10-31 19:29:33, 2022-10-31 19:29:33
23, Britt, van Boulogne, van der Meulendreef 42, 2403CG, Oostburg, TB-15-15, 2022-10-31 19:29:33, 2022-10-31 19:29:33
24, Amira, van den Pol, van den Veldebaan 498, 5651LX, Eppenhuizen, WU-75-75, 2022-10-31 19:29:33, 2022-10-31 19:29:33
25, Kim, Turan, Kijk in de Vegtelaan 8624, 5482XE, Moerkapelle, 5-RUP-34, 2022-10-31 19:29:33, 2022-10-31 19:29:33
26, Hanna, Kuijpers, van den Veldenstraat 2f, 1351AC, Zennewijnen, 8-AT-786, 2022-10-31 19:29:33, 2022-10-31 19:29:33
27, Tijmen, Bruggeman, Verhoevenstraat 3648, 7481SL, 't Harde, XD-972-L, 2022-10-31 19:29:33, 2022-10-31 19:29:33
28, Elizabeth, van Laarhoven, van der Heydenbaan 5-z, 1141VM, Oudkarspel, XU-XU-56, 2022-10-31 19:29:33, 2022-10-31 19:29:33
29, Yinthe, de Grote, van Vlietweg 7730, 3202AN, Een-West, CE-CE-91, 2022-10-31 19:29:33, 2022-10-31 19:29:33
30, Tijn, Willems, Blomsteeg 94-48, 2245VZ, Wijlre, TL-048-P, 2022-10-31 19:29:33, 2022-10-31 19:29:33
31, Dana, van den Berg, Zuidweglaan 85, 2841AK, Dongen, NN-NN-63, 2022-10-31 19:29:33, 2022-10-31 19:29:33
32, Tess, van Duvenvoirde, Volckeweg 7-4, 7642EN, Schiermonnikoog, XP-602-N, 2022-10-31 19:29:33, 2022-10-31 19:29:33
33, Floortje, Meijer, Smitlaan 3a, 9057LC, Nieuwehorne, 7-BB-966, 2022-10-31 19:29:33, 2022-10-31 19:29:33
34, Senn, Duhme auf der Heide sive Heydahrens, van Dijkweg 97k, 2521SZ, Sint Nicolaasga, US-72-72, 2022-10-31 19:29:33, 2022-10-31 19:29:33
35, Norah, Boer, van Alenburglaan 5-m, 6871ZM, Odoornerveen, 6-UP-738, 2022-10-31 19:29:33, 2022-10-31 19:29:33
36, Fabiënne, Soekhoe, Maaspad 794, 8605AV, Welsum, EK-EK-16, 2022-10-31 19:29:33, 2022-10-31 19:29:33
37, Kaylee, Jansdr, van de Pavertstraat 8, 4614GX, Goingarijp, 18-AMA-3, 2022-10-31 19:29:33, 2022-10-31 19:29:33
38, Aimée, Keltenie, Jansensteeg 33-24, 5103KD, Sint Maartensvlotbrug, M-206-NV, 2022-10-31 19:29:33, 2022-10-31 19:29:33
39, Dina, van der Wal, Dekkersteeg 4-y, 3981KE, Walsoorden, C-748-KU, 2022-10-31 19:29:33, 2022-10-31 19:29:33
40, Luca, Boddaugh, Doris Bin Sijlvanusboulevard 1, 9164LC, Reduzum, XL-469-L, 2022-10-31 19:29:33, 2022-10-31 19:29:33
41, Emily, de Groot, van den Heuvelboulevard 61, 2022RM, Velden, EE-981-U, 2022-10-31 19:29:33, 2022-10-31 19:29:33
42, Eva, Farah, Veenendaalboulevard 69-i, 5651LX, Randwijk, 4-YCN-55, 2022-10-31 19:29:33, 2022-10-31 19:29:33
43, Lizzy, Zhang, van den Corputring 6, 3904NB, Rossum, PM-PM-28, 2022-10-31 19:29:33, 2022-10-31 19:29:33
44, Romy, Kuiper, de Bruinlaan 8769, 2841AK, Niawier, JA-05-05, 2022-10-31 19:29:33, 2022-10-31 19:29:33
45, Maxim, van der Heiden, Kuiperslaan 13z, 7009CN, Hensbroek, GA-041-M, 2022-10-31 19:29:33, 2022-10-31 19:29:33
46, Sofie, Wright, van Velzenbaan 1-2, 7391CZ, Varsseveld, YT-682-G, 2022-10-31 19:29:33, 2022-10-31 19:29:33
47, Yasmine, Aydin, van den Broekbaan 12-29, 3319BN, Ee, RW-RW-43, 2022-10-31 19:29:33, 2022-10-31 19:29:33
48, Aaliyah, Kurt, Marchandsteeg 57o, 9901EH, Alde Leie, G-228-WV, 2022-10-31 19:29:33, 2022-10-31 19:29:33
49, Stan, Lopes, Grinwis Plaat Stuitjesbaan 51, 6164GP, Drachten-Azeven, 7-JB-154, 2022-10-31 19:29:33, 2022-10-31 19:29:33
50, Hamza, Hendricks, Akinstraat 95, 4011KH, Breukelen, FE-414-F, 2022-10-31 19:29:33, 2022-10-31 19:29:33
